[
  {
    "id": 3,
    "ticketId": 7,
    "response": "Thank you for creating this ticket system. I have a question about the response time - how quickly can I expect a reply?",
    "adminId": 0,
    "createdAt": "2025-06-09T03:28:28.908Z",
    "updatedAt": "2025-06-09T03:28:28.908Z"
  },
  {
    "id": 4,
    "ticketId": 7,
    "response": "Thank you for your question! We typically respond to tickets within 2-4 hours during business hours. Your issue will be addressed promptly by our support team.",
    "adminId": 1,
    "createdAt": "2025-06-09T03:29:04.568Z",
    "updatedAt": "2025-06-09T03:29:04.568Z"
  },
  {
    "id": 5,
    "ticketId": 11,
    "response": "Hello,\nThank you for reaching out. We understand you're experiencing lag on the server.\nWe’re currently investigating the issue.",
    "adminId": 1,
    "createdAt": "2025-06-09T06:03:30.083Z",
    "updatedAt": "2025-06-09T06:03:30.083Z"
  },
  {
    "id": 6,
    "ticketId": 11,
    "response": "Hi, thanks for the quick response.",
    "adminId": 0,
    "createdAt": "2025-06-09T06:04:25.176Z",
    "updatedAt": "2025-06-09T06:04:25.176Z"
  }
]