[
  {
    "id": 7,
    "ticketId": "TK-1749439675530-9JWUS",
    "name": "Test User",
    "email": "test@gmail.com",
    "issue": "Testing the ticket system communication flow",
    "status": "closed",
    "createdAt": "2025-06-09T03:27:55.530Z",
    "updatedAt": "2025-06-09T06:28:44.466Z",
    "assignedTo": 1
  },
  {
    "id": 11,
    "ticketId": "TK-1749448898838-QCCIF",
    "name": "yoursenior",
    "email": "yoursenior@egmail.com",
    "issue": "I'm feeling lag on the server. Can you check?",
    "status": "open",
    "createdAt": "2025-06-09T06:01:38.838Z",
    "updatedAt": "2025-06-09T06:01:38.838Z",
    "assignedTo": null
  }
]